Rodzaj zawiad.;Zawiadomienie;Nr zlec.;Opis;Data zawiadom.;Oznaczenie;Utworzone przez;Priorytet;Status systemu
PT;12707124;50000227175;Przegląd Modelatora OPM;30.06.2025;1-Modelator OPM;GROTEARKA1;;PRZL WTZW
1P;12701513;50000226782;Blokada form na obracacie w strefie;26.06.2025;1-Modelator OPM;MATYNGRZE1;2-wysoki;MOBI PRZL ZWZK
PQ;12680271;50000227196;Wymiana odpowietrznika;09.06.2025;1-Modelator OPM;GAWROPIOT1;4-niski;MOBI PRZL WTZW ZRZa
1P;12680129;50000225015;Głośna praca Allgaiera czekolady;08.06.2025;1-Modelator OPM;GAWROPIOT1;2-wysoki;MOBI PRZL ZWZK
1P;12680117;50000225183;Brak temperatury produktu;09.06.2025;1-Modelator OPM;GAWROPIOT1;3-średni;MOBI PRZL ZWZK
1P;12670455;50000224134;Ścięcie ostrych krawędzi pod lejami;31.05.2025;1-Modelator OPM;ZAPARJACE1;2-wysoki;MOBI PRZL ZRZa ZWZK
1P;12571104;50000216888;AWARIA OBRACACZA FORM;13.03.2025;1-Modelator OPM;DABROPIOT2;;PRZL WTZW
PQ;12570976;50000227282;Nieprawidłowa praca obracaczy na RD;13.03.2025;1-Modelator OPM;MATYNGRZE1;3-średni;MOBI PRZL WTZW ZRZa
1P;12569000;50000216925;Myjka nr 2 nie załącza się.;12.03.2025;1-Modelator OPM;KUCHAKONR1;2-wysoki;MOBI PRZL ZWZK
PT;12566933;50000216767;Przegląd Modelatora OPM;11.03.2025;1-Modelator OPM;GROTEARKA1;;PRZL WTZW
PT;12564358;50000174243;KB 3. Pakowaczki. Przegląd/naprawa/konse;20.01.2024;1-Modelator OPM;KOWALDAMI1;2-wysoki;PRZL WTZW
1P;12536006;50000214522;PRZEGLĄD SZAF ELEKTRYCZNYCH;16.02.2025;1-Modelator OPM;SKRETKACP1;;PRZL ZWZK
1P;12509796;;Do regulacji pozycja obracacza;28.01.2025;1-Modelator OPM;GAWROPIOT1;3-średni;MOBI ZWZK
PT;12470613;50000208513;Przegląd Modelatora OPM;23.12.2024;1-Modelator OPM;GROTEARKA1;;PRZL WTZW
1P;12461670;50000207847;Brak uszczelki do matrycy;15.12.2024;1-Modelator OPM;JAKUBLUKA1;3-średni;MOBI PRZL ZWZK
PT;12442919;50000206365;Przegląd wózków paletowych;02.12.2024;1-Modelator OPM;GROTEARKA1;;PRZL WTZW
PT;12423196;50000204251;USUNIĘCIE WYCIEKÓW POWIETRZA;16.11.2024;1-Modelator OPM;GROTEARKA1;;PRZL WTZW
1P;12421978;50000204369;Rozbieranie filtra Russel mycie sita.;15.11.2024;1-Modelator OPM;DOROCSEBA1;3-średni;MOBI PRZL ZWZK
1P;12409204;50000202991;Nieszczelny zawór;06.11.2024;1-Modelator OPM;ZAPARJACE1;3-średni;MOBI PRZL WTZW
1P;12409203;;Nieszczelny zawór;06.11.2024;1-Modelator OPM;ZAPARJACE1;3-średni;MOBI ZWZK
1P;12409201;;Nieszczelna złączka;06.11.2024;1-Modelator OPM;ZAPARJACE1;3-średni;MOBI ZWZK
1P;12409171;;Nieszczelna wyspa zaworowa;06.11.2024;1-Modelator OPM;ZAPARJACE1;3-średni;MOBI ZWZK
1P;12409149;;Nieszczelny siłownik;06.11.2024;1-Modelator OPM;ZAPARJACE1;3-średni;MOBI ZWZK
1P;12409147;;Nieszczelność-napęd wałka folii front;06.11.2024;1-Modelator OPM;ZAPARJACE1;3-średni;MOBI ZWZK
1P;12409145;;Nieszczelność-napęd wałka folii front;06.11.2024;1-Modelator OPM;ZAPARJACE1;3-średni;MOBI ZWZK
1P;12409143;;Nieszczelność- napęd wałka folii back;06.11.2024;1-Modelator OPM;ZAPARJACE1;3-średni;MOBI ZWZK
1P;12408976;;Nieszczelna złączka nad chłodnią pompą;06.11.2024;1-Modelator OPM;ZAPARJACE1;3-średni;MOBI ZWZK
1P;12387174;;Do wymiany  elektro zawór na Russell;21.10.2024;1-Modelator OPM;MATYNGRZE1;3-średni;MOBI ZWZK
1P;12385987;;Uszkodzony zawór otwierający zrzut czek;18.10.2024;1-Modelator OPM;MATYNGRZE1;1 - bardzo wysokie;MOBI ZWZK
PT;12367238;50000199746;Naprawa drabin;04.10.2024;1-Modelator OPM;GROTEARKA1;;PRZL WTZW
1P;12289106;50000192768;CZYSZCZENIE RASELI;04.08.2024;1-Modelator OPM;GADEKJACE1;;PRZL ZWZK
1P;12289096;50000192570;Niedziałająca 4 sekcja lamp przed HE;04.08.2024;1-Modelator OPM;GAWROPIOT1;3-średni;MOBI PRZL ZWZK
1P;12253472;50000189941;USZKODZONYPPANEL OD KLIMATY AIRINOTEC;02.07.2024;1-Modelator OPM;KAMINBART1;;PRZL ZWZK
PT;12250888;50000189723;Przegląd prewencyjny Modelatora OPM;01.07.2024;1-Modelator OPM;GROTEARKA1;;PRZL WTZW
1P;12201829;50000184849;Usterka łańcucha;16.05.2024;1-Modelator OPM;GAWROPIOT1;2-wysoki;MOBI PRZL ZWZK
1P;12186092;50000183587;URUCHOMIENIE ZBIORNIKA 9902A;30.04.2024;1-Modelator OPM;SKRETKACP1;;PRZL ZWZK
PT;12167967;50000182024;Modernizacja szafy pod centralki;12.04.2024;1-Modelator OPM;GROTEARKA1;;PRZL WTZW
PT;12121816;50000178363;Przegląd prewencyjny Modelatora OPM;27.02.2024;1-Modelator OPM;GROTEARKA1;;PRZL WTZW
1P;12108371;50000176730;Przerobienie przewodu do wody od rury;15.02.2024;1-Modelator OPM;GAWROPIOT1;3-średni;MOBI PRZL ZWZK
PT;12089706;50000175097;Przegląd modelatora OPM;30.01.2024;1-Modelator OPM;GROTEARKA1;;PRZL WTZW
1P;12067533;50000173039;Brak grzania lamp przed HE (sekcja 4);10.01.2024;1-Modelator OPM;DOROCSEBA1;2-wysoki;MOBI PRZL ZWZK
1P;12066380;50000173100;Odłączyć napięcie z silnika;09.01.2024;1-Modelator OPM;DOROCSEBA1;3-średni;MOBI PRZL ZWZK
1P;12064459;50000172748;Rozkręcanie Russella awaria.;08.01.2024;1-Modelator OPM;DOROCSEBA1;3-średni;MOBI PRZL ZWZK
1P;12035833;50000170325;Lampy przed tunelem grzewczym.;07.12.2023;1-Modelator OPM;GAWROPIOT1;3-średni;MOBI PRZL ZWZK
1P;12017925;50000168113;USTERKA ZAWORU;23.11.2023;1-Modelator OPM;KOWALROBE1;;PRZL WTZW
1P;12006186;50000167176;NAPRAWA POMP;13.11.2023;1-Modelator OPM;GADEKJACE1;;PRZL WTZW
1P;12006130;50000167355;Uszczelka do matryc;12.11.2023;1-Modelator OPM;SENATTOMA1;3-średni;MOBI PRZL ZWZK
1P;11996240;50000166289;Wymiana przewodu od próżni;03.11.2023;1-Modelator OPM;DOROCSEBA1;3-średni;MOBI PRZL ZWZK
1P;11964728;50000163298;Zb. buforowy brak szczelności zaworu.;07.10.2023;1-Modelator OPM;GAWROPIOT1;3-średni;MOBI PRZL ZWZK
PT;11940291;50000161511;Przegląd/modernizacja;16.09.2023;1-Modelator OPM;SMYLROBE1;2-wysoki;PRZL WTZW
1P;11929265;50000160722;Blokada łańcucha;06.09.2023;1-Modelator OPM;GAWROPIOT1;1 - bardzo wysokie;MOBI PRZL ZWZK
1P;11924702;50000160431;USZKODZENIE CZUJNIKA;03.09.2023;1-Modelator OPM;SKRETKACP1;;PRZL WTZW
1P;11924136;50000160383;Cieknący zawór trójdrożny;03.09.2023;1-Modelator OPM;GAWROPIOT1;3-średni;MOBI PRZL ZWZK
1P;11915737;50000159238;NAPRAWA POMP;25.08.2023;1-Modelator OPM;GADEKJACE1;;PRZL WTZW
1P;11882808;50000156545;SMAROWANIE ŁOŻYSK;23.07.2023;1-Modelator OPM;TARKAKAMI1;;PRZL WTZW
1P;11882505;50000156447;ZADRAPANA OSŁONA SKANERA;22.07.2023;1-Modelator OPM;RUDECMARC1;;PRZL WTZW
1P;11875768;50000155679;USZKODZENIE STYCZNIKA;14.07.2023;1-Modelator OPM;SKRETKACP1;;PRZL WTZW
PT;11861156;50000154774;Naprawa wózka paletowego;27.06.2023;1-Modelator OPM;GROTEARKA1;;PRZL WTZW
PT;11846650;50000152993;Serwis urządzeń GWK cs90;12.06.2023;1-Modelator OPM;GROTEARKA1;;PRZL WTZW
PT;11817364;50000150685;Przegląd owijarek Manuli;16.05.2023;1-Modelator OPM;GROTEARKA1;;PRZL WTZW
1P;11814609;50000150505;Usterka czujki temperatury;13.05.2023;1-Modelator OPM;GAWROPIOT1;3-średni;MOBI PRZL ZWZK
1P;11811825;50000150375;Nieszczelny układ wody;10.05.2023;1-Modelator OPM;GAWROPIOT1;4-niski;MOBI PRZL ZWZK
1P;11793671;50000148804;REALIZACJA YLECEN FOX;19.04.2023;1-Modelator OPM;SZCZEALBE1;;PRZL WTZW
1P;11756324;50000145631;USZKODZONY SIŁOWNIK;10.03.2023;1-Modelator OPM;GADEKJACE1;;PRZL WTZW
1P;11748759;50000145430;Nie grzeje nóż na czekoladzie.;03.03.2023;1-Modelator OPM;GAWROPIOT1;3-średni;MOBI PRZL ZWZK
1P;11748164;50000145153;NAPRAWA TRANSPORTERA;02.03.2023;1-Modelator OPM;TARKAKAMI1;;PRZL WTZW
PQ;11746405;50000145174;MODYFIKACJA LICZENIA FORM II;01.03.2023;1-Modelator OPM;CZYZEMARC1;;PRZL WTZW
PT;11746176;50000145327;Regeneracja wałków Esgum;01.03.2023;1-Modelator OPM;GROTEARKA1;;PRZL WTZW
PT;11742735;50000144698;Przegląd prewencyjny Modelator OPM;25.02.2023;1-Modelator OPM;GROTEARKA1;;PRZL WTZW
PT;11725173;50000143016;Regeneracja napinacza;07.02.2023;1-Modelator OPM;GROTEARKA1;;PRZL ZWZK
1P;11721641;50000142788;USZKODZONA POMPA NA TEMPERÓWCE;04.02.2023;1-Modelator OPM;TARKAKAMI1;;PRZL WTZW
1P;11719008;50000142701;WYCIEK WODY NA LEJU;02.02.2023;1-Modelator OPM;TARKAKAMI1;;PRZL WTZW
PQ;11715438;50000142310;MODYFIKACJA LICZENIA FORM;30.01.2023;1-Modelator OPM;CZYZEMARC1;;PRZL WTZW
1P;11712794;50000142427;Przerobienie gum z algaiera.;31.01.2023;1-Modelator OPM;GAWROPIOT1;3-średni;MOBI PRZL ZWZK
1P;11698952;50000140607;USZKODZONE SRUBY PRZY MATRYCY KREMOWEJ;14.01.2023;1-Modelator OPM;GADEKJACE1;;PRZL WTZW
1P;11663535;50000137616;WYMIANA WENTYLATORA;05.12.2022;1-Modelator OPM;LASOTSLAW1;;PRZL WTZW
1P;11656543;50000137050;BRAK SPRĘŻYN NA NOŻU ZGARNIAJĄCYM;29.11.2022;1-Modelator OPM;GADEKJACE1;;PRZL WTZW
1P;11637312;50000134891;WYJĄCA POMPA KREMOWA;09.11.2022;1-Modelator OPM;LASOTSLAW1;;PRZL WTZW
1P;11633691;50000135245;LUŻNY ŁAŃCUCH;07.11.2022;1-Modelator OPM;GADEKJACE1;;PRZL WTZW
1P;11626623;50000134384;USZKODZONY TRANSPORTER;29.10.2022;1-Modelator OPM;FIGARPRZE1;;PRZL WTZW
PT;11618892;50000133516;Serwis urządzeń GWK cs90;20.10.2022;1-Modelator OPM;GROTEARKA1;;PRZL WTZW
1P;11607326;50000132568;PRZESUNIĘTE KOŁO ZĘBATE NA WAŁKU WINDY;07.10.2022;1-Modelator OPM;GADEKJACE1;;PRZL WTZW
1P;11604126;50000132263;USZKODZONE SIŁOWNIKI WIBRATORA WAGOWEGO;04.10.2022;1-Modelator OPM;LASOTSLAW1;;PRZL WTZW
1P;11600998;50000131849;USZKODZONY REDUKTOR NA NALEWARCE;30.09.2022;1-Modelator OPM;STUDZLUKA1;;PRZL WTZW
1P;11600930;50000131775;MODERNIZACJA USZCZELNIACZY;30.09.2022;1-Modelator OPM;GADEKJACE1;;PRZL WTZW
1P;11600506;50000131945;WYMIANA USZCZELNIEŃ NALEWARKI CZEKOLADOW;29.09.2022;1-Modelator OPM;LASOTSLAW1;;PRZL WTZW
1P;11599765;50000131900;WYMIANA USZCZELNIEŃ W NALEWARKACH;29.09.2022;1-Modelator OPM;GADEKJACE1;;PRZL WTZW
1P;11599404;50000131436;WYMIANA USZCZELNIEN NA NALEWARCE;28.09.2022;1-Modelator OPM;STUDZLUKA1;;PRZL WTZW
1P;11584242;50000130124;USUWANIE NIESZCZELNOŚCI;11.09.2022;1-Modelator OPM;TARKAKAMI1;;PRZL WTZW
1P;11583926;50000130140;ELIMINACJA PRZECIEKÓW SPR. POWIETRZA;10.09.2022;1-Modelator OPM;LASOTSLAW1;;PRZL WTZW
1P;11583859;50000130120;USUWANIE NIESZCZELNOŚCI;10.09.2022;1-Modelator OPM;STUDZLUKA1;;PRZL WTZW
1P;11574209;50000129035;MONTAŻ PROWADNICY ŁAŃCUCHA GŁÓWNEGO;31.08.2022;1-Modelator OPM;GADEKJACE1;;PRZL WTZW
1P;11571803;50000129148;URWANA PROWADNICA ŁAŃCUCHA;27.08.2022;1-Modelator OPM;TARKAKAMI1;;PRZL WTZW
1P;11566695;50000128782;PROSTOWANIE ZGARNIACZA;21.08.2022;1-Modelator OPM;GADEKJACE1;;PRZL WTZW
1P;11565379;50000128368;TRZEBA PRZYSPIESZYĆ SIŁOWNIK;19.08.2022;1-Modelator OPM;LASOTSLAW1;;PRZL WTZW
1P;11565134;50000128330;USZKODZONA CZULKA;18.08.2022;1-Modelator OPM;KARPIDARI1;;PRZL WTZW
1P;11563520;50000128356;ODERWANA PODŁOGA PODESTU;16.08.2022;1-Modelator OPM;ZEBRORAFA1;;PRZL WTZW
1P;11557433;50000128243;ZERWANY PASEK KLINOWY POMPY;07.08.2022;1-Modelator OPM;ZEBRORAFA1;;PRZL WTZW
1P;11555972;50000127834;C.D. AWARII Z 1-ZMIANY;04.08.2022;1-Modelator OPM;GADEKJACE1;;PRZL WTZW
1P;11552468;50000127882;WYMIANA REDUKTORA POWIETRZA;30.07.2022;1-Modelator OPM;FIGARPRZE1;;PRZL WTZW
1P;11550982;50000127612;AWARJA CZUJNIKÓW;28.07.2022;1-Modelator OPM;KOWALROBE1;;PRZL WTZW
1P;11547806;50000127233;URWANA ŚRUBA PRZY MIESZDLE;23.07.2022;1-Modelator OPM;GADEKJACE1;;PRZL WTZW
1P;11545094;50000127226;WYMIANA MOCOWANIA SIŁOWNIKA;19.07.2022;1-Modelator OPM;STUDZLUKA1;;PRZL WTZW
1P;11543813;50000126899;USZKODZONY ZAWÓR PRZY TĘPERÓWCE;18.07.2022;1-Modelator OPM;GADEKJACE1;;PRZL WTZW
1P;11542554;50000127010;SKOKI TEMPERATUR NA TEMPERÓWCE KREMOWEJ;15.07.2022;1-Modelator OPM;LASOTSLAW1;;PRZL ZWZK
1P;11539358;50000126935;PROBLEM Z CZUJKĄ PRZEKŁADACZA;09.07.2022;1-Modelator OPM;LASOTSLAW1;;PRZL WTZW
PT;11532085;50000126552;Przegląd prewencyjny Modelatora OPM;27.06.2022;1-Modelator OPM;GROTEARKA1;;PRZL WTZW
1P;11530330;50000126624;BLOKADA OBRACACZA FORM;22.06.2022;1-Modelator OPM;GADEKJACE1;;PRZL WTZW
1P;11527689;50000125895;WYMIANA USZCZELNIENIA W ZAWORZE NAL.KREM;18.06.2022;1-Modelator OPM;GADEKJACE1;;PRZL WTZW
1P;11524034;50000125975;MONTAŻ UKŁADU PODNOSZENIA FORM;11.06.2022;1-Modelator OPM;LASOTSLAW1;;PRZL WTZW
1P;11520045;50000125724;WYMIANA POMPKI OBIEGOWEJ NA TĘPERÓWKĘ;05.06.2022;1-Modelator OPM;GADEKJACE1;;PRZL WTZW
1P;11519974;50000125769;USZKODZONY SIŁOWNIK PRZY NAL. KREMOWEJ;05.06.2022;1-Modelator OPM;GADEKJACE1;;PRZL WTZW
1P;11519778;50000125519;USZKODZONY SIŁOWNIK PODNOSZENIA FORM;04.06.2022;1-Modelator OPM;LASOTSLAW1;;PRZL WTZW
1P;11517545;50000125291;AWARIA NALEWARKI;01.06.2022;1-Modelator OPM;FIGARPRZE1;;PRZL WTZW
1P;11515577;50000125394;USZKODZONY WIBRATOR KRAWĘDZIOWY.;27.05.2022;1-Modelator OPM;STUDZLUKA1;;PRZL WTZW
1P;11506425;50000124338;REGULACJA WIBRATORÓW WAGOWYCH;12.05.2022;1-Modelator OPM;GADEKJACE1;;PRZL WTZW
1P;11506398;50000124912;REGULACJA WIBRATORÓW WAGOWYCH;12.05.2022;1-Modelator OPM;GADEKJACE1;;PRZL WTZW
1P;11488448;50000123811;USZKODZONA WTYCZKA;11.04.2022;1-Modelator OPM;SZCZEPIOT1;;PRZL WTZW
PT;11483542;50000123229;Przegląd prewencyjny Modelator OPM;04.04.2022;1-Modelator OPM;GROTEARKA1;;PRZL ZWZK
1P;11462163;50000122186;USZKODZENIE OBWODU STERUJĄCEGO;02.03.2022;1-Modelator OPM;SKRETKACP1;;PRZL WTZW
PT;11461010;50000121970;Przegląd prewencyjny modelatora OPM;01.03.2022;1-Modelator OPM;GROTEARKA1;;PRZL ZWZK
1P;11460309;50000121890;USZKODZENIE CZUJNIKA;28.02.2022;1-Modelator OPM;SKRETKACP1;;PRZL ZWZK
1P;11457900;50000121963;USZKODZONY SIŁOWNIK;24.02.2022;1-Modelator OPM;ZEBRORAFA1;;PRZL ZWZK
PT;11457849;50000121806;Wymiana prowadnic łańcucha;24.02.2022;1-Modelator OPM;GROTEARKA1;;PRZL WTZW
1P;11435519;50000120560;AWARIA MASZYNY;23.01.2022;1-Modelator OPM;KOWALROBE1;;PRZL ZWZK
PT;11435428;50000120481;USZKODZONY ELEKTROZAWÓR;24.01.2022;1-Modelator OPM;STUDZLUKA1;;PRZL WTZW
1P;11428951;50000119795;AWARIA WINDY;12.01.2022;1-Modelator OPM;SKRETKACP1;;PRZL WTZW
1P;11426323;50000119668;KONTROLA PRACY ZAWORÓW I POMP W CHŁODNI;10.01.2022;1-Modelator OPM;GADEKJACE1;;PRZL WTZW
1P;11423588;50000119701;PĘKNIĘTY PAS ZĘBATY NA PRZEKŁADACZU;03.01.2022;1-Modelator OPM;STUDZLUKA1;;PRZL ZWZK
1P;11422832;50000119650;USZKODZENIE POMPY OBIEGOWEJ;03.01.2022;1-Modelator OPM;SKRETKACP1;;PRZL ZWZK
1P;11418247;50000119309;AWARIA MASZYNY;21.12.2021;1-Modelator OPM;KOWALROBE1;;PRZL WTZW
PP;11418243;50000119308;AWARIA MASZYNY;21.12.2021;1-Modelator OPM;KOWALROBE1;;PRZL WTZW
1P;11407738;50000118629;SKŁADANIE NALEWARKI CZEKOLADOWEJ;05.12.2021;1-Modelator OPM;GADEKJACE1;;PRZL WTZW
1P;11407615;50000118521;USZKODZONY ODPOWIETRZNIK;05.12.2021;1-Modelator OPM;ZEBRORAFA1;;PRZL WTZW
1P;11407461;50000118641;USZKODZONY ZAWÓR NALEWARKI;04.12.2021;1-Modelator OPM;ZEBRORAFA1;;PRZL WTZW
PT;11404592;50000118128;Wymiana łańcucha;01.12.2021;1-Modelator OPM;GROTEARKA1;;PRZL WTZW
1P;11400986;50000118229;USZKODZENIE CZUJNIKA CISNIENIA;25.11.2021;1-Modelator OPM;SKRETKACP1;;PRZL ZWZK
1P;11400966;50000118266;USZKODZONY MANOTERMOMETR TEMPERÓWKI;25.11.2021;1-Modelator OPM;LASOTSLAW1;;PRZL ZWZK
PM;11388698;50000117359;USUWANIE NIESZCZELNOŚCI;08.11.2021;1-Modelator OPM;GADEKJACE1;;PRZL WTZW
PM;11385597;50000117263;WYMIANA SPRĘŻYN GAZOWYCH NA RENTGENIE.;03.11.2021;1-Modelator OPM;STUDZLUKA1;;PRZL WTZW
PM;11382552;50000117033;ZURZYTE SPRZEGŁO;29.10.2021;1-Modelator OPM;ZEBRORAFA1;;PRZL WTZW
PT;11382535;50000116873;Wykonanie szuflad pod modelator;29.10.2021;1-Modelator OPM;GROTEARKA1;;PRZL ZWZK
PM;11380172;50000117026;GŁOŚNO PRACUJĄCY WIBRATOR;26.10.2021;1-Modelator OPM;STUDZLUKA1;;PRZL ZWZK
PM;11367630;50000115695;AWARIA MASZYNY;09.10.2021;1-Modelator OPM;KOWALROBE1;;PRZL ZWZK
PP;11367498;50000115694;AWARIA MASZYNY;09.10.2021;1-Modelator OPM;KOWALROBE1;;PRZL ZWZK
PT;11366894;50000115775;Wymiana modułu;08.10.2021;1-Modelator OPM;GROTEARKA1;;PRZL WTZW
PM;11353400;50000115150;BLOKADY FORM;20.09.2021;1-Modelator OPM;ZEBRORAFA1;;PRZL ZWZK
PM;11347198;50000115062;USZKODZENIE GRZAŁEK;11.09.2021;1-Modelator OPM;KARPIDARI1;;PRZL ZWZK
PM;11338381;50000114333;WYMIANA USZCZELNIENIA;01.09.2021;1-Modelator OPM;TARKAKAMI1;;PRZL WTZW
PM;11335470;50000114076;ZABLOKOWANY TRANSPORTER WINDY ODBIERAJĄC;26.08.2021;1-Modelator OPM;GADEKJACE1;;PRZL WTZW
PM;11327207;50000113587;DEMONTAŻ BĘBNA SPRĘŻONEGO POWIETRZA;16.08.2021;1-Modelator OPM;GADEKJACE1;;PRZL WTZW
PM;11326604;50000113667;USZKODZONY PISTOLET DO POWIETRZA;14.08.2021;1-Modelator OPM;GADEKJACE1;;PRZL WTZW
PM;11321541;50000113171;USZKO0DZENIE STYCZNIKA;06.08.2021;1-Modelator OPM;SKRETKACP1;;PRZL ZWZK
PM;11317057;50000112839;USTERKA KARTY KOMUNIKACYJNEJ;30.07.2021;1-Modelator OPM;KARPIDARI1;;PRZL WTZW
PM;11316437;50000113223;AWARIA MASZYNY;30.07.2021;1-Modelator OPM;KOWALROBE1;;PRZL WTZW
PM;11316436;50000113222;AWARIA MASZYNY;30.07.2021;1-Modelator OPM;KOWALROBE1;;PRZL WTZW
PM;11315606;50000112834;BLOKADA FORM PO ZANIKU PRĄDU;28.07.2021;1-Modelator OPM;GADEKJACE1;;PRZL WTZW
PM;11314665;50000112635;ZUŻYTE USZCZELNIENIE PRZY MATRYCACH;26.07.2021;1-Modelator OPM;GADEKJACE1;;PRZL WTZW
PM;11308497;50000112136;USZKODZONY SIŁOWNIK;15.07.2021;1-Modelator OPM;FIGARPRZE1;;PRZL WTZW
PM;11308297;50000112115;KOLIZJA W 3 CHŁODNI;15.07.2021;1-Modelator OPM;LASOTSLAW1;;PRZL WTZW
PM;11302520;50000112164;BŁĄD KOMUNIKACJI;04.07.2021;1-Modelator OPM;KIDACDARI1;;PRZL WTZW
PM;11300475;50000111991;ZUŻYTE ŁOŻYSKA WIBRATORA;30.06.2021;1-Modelator OPM;ZEBRORAFA1;;PRZL WTZW
PT;11298752;50000112040;Przegląd modelatora OPM;28.06.2021;1-Modelator OPM;GROTEARKA1;;PRZL WTZW
PM;11298450;50000111817;ZURZYTE SSAWKI;27.06.2021;1-Modelator OPM;ZEBRORAFA1;;PRZL WTZW
PM;11296407;50000111924;BLOKOWANIE ZAWORU NA NAL.CZEKOLADOWEJ;23.06.2021;1-Modelator OPM;GADEKJACE1;;PRZL WTZW
PM;11293830;50000111642;BŁĄD ODCZYTU RFID;20.06.2021;1-Modelator OPM;KARPIDARI1;;PRZL WTZW
PM;11291335;50000111309;WYMIANA RĘKAWA NA ALLGAIERZE;16.06.2021;1-Modelator OPM;STUDZLUKA1;;PRZL WTZW
PM;11289336;50000111104;USZCZELNIANIE MATRYC;13.06.2021;1-Modelator OPM;STUDZLUKA1;;PRZL WTZW
PM;11280338;50000110436;WYMIANA SIŁOWNIKA LINIOWEGO NA WINDZIE;28.05.2021;1-Modelator OPM;TARKAKAMI1;;PRZL WTZW
PM;11277881;50000110401;AWARIA RFID;23.05.2021;1-Modelator OPM;KARPIDARI1;;PRZL WTZW
PM;11277546;50000110038;WYMIANA REDUKTORA;22.05.2021;1-Modelator OPM;TARKAKAMI1;;PRZL WTZW
PM;11277319;50000110146;WYMIANA USZCZELNIEŃ NA MATRYCACH.;23.05.2021;1-Modelator OPM;STUDZLUKA1;;PRZL WTZW
PM;11272837;50000109673;USZKODZONY SIŁOWNIK NA WINDZIE;13.05.2021;1-Modelator OPM;GADEKJACE1;;PRZL ZWZK
PM;11272836;50000109672;PRZESTAWIONY TRANSPORTER PIONOWY;13.05.2021;1-Modelator OPM;GADEKJACE1;;PRZL WTZW
PM;11272447;50000109516;KOLIZJA NA WINDZIE ODBIERAJĄCEJ;13.05.2021;1-Modelator OPM;GADEKJACE1;;PRZL ZWZK
PM;11271034;50000109681;WYMIANA CZUJNIKA;10.05.2021;1-Modelator OPM;LUGOWPIOT1;;PRZL WTZW
PM;11270144;50000109294;USZKODZONY CZUJNIK POZIOMU WANNY;10.05.2021;1-Modelator OPM;KARPIDARI1;;PRZL WTZW
PT;11267941;50000109058;Regeneracja wałków przemysłowych Esgum;05.05.2021;1-Modelator OPM;GROTEARKA1;;PRZL WTZW
PT;11253130;50000108277;Przegląd prewencyjny modelatora OPM;09.04.2021;1-Modelator OPM;GROTEARKA1;;PRZL ZWZK
PT;11233997;50000107121;Przegląd prewencyjny medelatora OPM;08.03.2021;1-Modelator OPM;GROTEARKA1;3-średni;PRZL WTZW
PT;11221206;50000106480;PLM2-Przegląd prewencyjny modelatora OPM;15.02.2021;1-Modelator OPM;GROTEARKA1;3-średni;PRZL WTZW
PM;11209342;50000105708;ZACZEPIANIE FORM O ZABIERAKI;27.01.2021;1-Modelator OPM;GADEKJACE1;;PRZL ZWZK
PM;11206981;50000105317;USZKODZONY ZAWÓR OD POWIETRZA;22.01.2021;1-Modelator OPM;ZEBRORAFA1;;PRZL ZWZK
PM;11206599;50000105604;URWANY SIŁOWNIK;22.01.2021;1-Modelator OPM;ZEBRORAFA1;;PRZL WTZW
PM;11203436;50000105302;USZKODZENIE NAPĘDU ŁAŃCUCHA 4;18.01.2021;1-Modelator OPM;SKRETKACP1;;PRZL WTZW
PM;11199967;50000104811;AWARIA TRANSPORTU OPM;11.01.2021;1-Modelator OPM;KARPIDARI1;;PRZL WTZW
PM;11199062;50000104647;USZKODZONY ELEKTRO-ZAWÓR NA TĘPERÓWCE;10.01.2021;1-Modelator OPM;GADEKJACE1;;PRZL WTZW
PM;11191948;50000104704;NALEWARKA KREMOWA WYCIEKI;23.12.2020;1-Modelator OPM;GADEKJACE1;;PRZL WTZW
PM;11189562;50000104508;USZKODZONE SIŁOWNIKI NA WIBRATORACH WAGO;17.12.2020;1-Modelator OPM;GADEKJACE1;;PRZL WTZW
PM;11174959;50000103823;CZYSZCZENIE ŁAŃCUCHA;26.11.2020;1-Modelator OPM;LASOTSLAW1;;PRZL WTZW
PM;11172011;50000103741;WYMIANA USZCZELNIACZY NALEWARKA CZEKOL.;22.11.2020;1-Modelator OPM;GADEKJACE1;;PRZL WTZW
PM;11168981;50000103476;AWARIA MŁOTKÓW;17.11.2020;1-Modelator OPM;LASOTSLAW1;;PRZL WTZW
PM;11167837;50000103443;USZKODZONE USZCZELKI NA MATRYCACH;15.11.2020;1-Modelator OPM;GADEKJACE1;;PRZL WTZW
PM;11152955;50000102474;BLOKADA TRANSPORTERA ZA NALEWARKĄ CZEK;23.10.2020;1-Modelator OPM;GADEKJACE1;;PRZL WTZW
PM;11148834;50000102091;BRAKUJĄCY KOŁEK W ŁAŃCUCHU;16.10.2020;1-Modelator OPM;LASOTSLAW1;;PRZL WTZW
PM;11146555;50000102138;REGULACJA NALEWARKI CZEKOLADOWEJ;13.10.2020;1-Modelator OPM;GADEKJACE1;;PRZL WTZW
PM;11143068;50000101989;USZKODZONE ORINGI PRZY MATRYCACH;07.10.2020;1-Modelator OPM;GADEKJACE1;;PRZL WTZW
PM;11137536;50000101619;USTERKA JONIZATORA;29.09.2020;1-Modelator OPM;KOWALROBE1;;PRZL WTZW
PM;11133654;50000101665;BLOKADA FORM;23.09.2020;1-Modelator OPM;FIGARPRZE1;;PRZL WTZW
PM;11133653;50000101664;BLOKADA FORM;23.09.2020;1-Modelator OPM;FIGARPRZE1;;PRZL WTZW
PM;11131645;50000101580;USZKODZONE SIŁOWNIKI NA WIBRATORACH KRAW;20.09.2020;1-Modelator OPM;GADEKJACE1;;PRZL WTZW
PM;11130974;50000101326;WYMIANA MOCOWANIA SIŁOWNIKA;18.09.2020;1-Modelator OPM;STUDZLUKA1;;PRZL WTZW
PM;11127470;50000100618;URWANA ŚRYBA PROWADNICY;14.09.2020;1-Modelator OPM;LASOTSLAW1;;PRZL WTZW
PM;11126244;50000101074;REGULACJA WIBRATORÓW WAGOWYCH;11.09.2020;1-Modelator OPM;GADEKJACE1;;PRZL WTZW
PM;11124617;50000100759;UZKODZENIE CZUJNIKA RF;09.09.2020;1-Modelator OPM;SKRETKACP1;;PRZL WTZW
PM;11124475;50000101080;URWANY SIŁOWNIK PRZY WIBRATORACH;08.09.2020;1-Modelator OPM;GADEKJACE1;;PRZL WTZW
PM;11122403;50000101005;URWANE SIŁOWNIKI;05.09.2020;1-Modelator OPM;ZEBRORAFA1;;PRZL WTZW
PM;11122264;50000100637;NAPRAWA I WYMIANA SIŁOWNIKÓW WIBRATORA;06.09.2020;1-Modelator OPM;LASOTSLAW1;;PRZL WTZW
PM;11121859;50000100711;PROBLEMZ WIBRATOREM CZEKOLADOWYM;04.09.2020;1-Modelator OPM;LASOTSLAW1;;PRZL WTZW
PM;11120869;50000100889;REGULACJA TEMPERINDEKSU;03.09.2020;1-Modelator OPM;LASOTSLAW1;;PRZL WTZW
PM;11120349;50000100832;REGULACJA WIBRATORÓW;03.09.2020;1-Modelator OPM;FIGARPRZE1;;PRZL WTZW
PM;11118085;50000100817;KOLIZJA SIŁOWNIKA WIBRATORA;01.09.2020;1-Modelator OPM;LASOTSLAW1;;PRZL WTZW
PM;11117689;50000100815;REGULACJA WIBRATORA;01.09.2020;1-Modelator OPM;LASOTSLAW1;;PRZL WTZW
PM;11117442;50000100553;REGULACJA WIBRATORÓW WAGOWYCH NA CZEKOLA;01.09.2020;1-Modelator OPM;GADEKJACE1;;PRZL WTZW
PM;11116153;50000100725;PŁUKANIE NALEWARKI KREMOWEJ;30.08.2020;1-Modelator OPM;LASOTSLAW1;;PRZL WTZW
PM;11115977;50000100591;CIEKNĄCY ODPOWIETRZNIK;29.08.2020;1-Modelator OPM;LASOTSLAW1;;PRZL WTZW
PM;11114619;50000100643;WYMIANA SIŁOWNIKA;27.08.2020;1-Modelator OPM;STUDZLUKA1;;PRZL WTZW
PM;11109039;50000100301;USTERKA SILNIKA WIBRATORA;18.08.2020;1-Modelator OPM;KARPIDARI1;;PRZL WTZW
PM;11106715;50000099944;NALEWARKA KREMOWA ZATRZYMYWANIE ZAWORU;14.08.2020;1-Modelator OPM;GADEKJACE1;;PRZL WTZW
PM;11103064;50000099701;CIEKNACA NALEWARKA;07.08.2020;1-Modelator OPM;ZEBRORAFA1;;PRZL WTZW
PM;11102846;50000099721;CIEKNĄCA NALEWARKA;07.08.2020;1-Modelator OPM;ZEBRORAFA1;;PRZL WTZW
PM;11102845;50000099720;CIEKNĄCA NALEWARKA;07.08.2020;1-Modelator OPM;ZEBRORAFA1;;PRZL WTZW
PM;11098034;50000099441;WYMIANA ZAWORU;30.07.2020;1-Modelator OPM;TARKAKAMI1;;PRZL WTZW
PM;11096878;50000099016;WYMIANA SIŁOWNIKA;28.07.2020;1-Modelator OPM;TARKAKAMI1;;PRZL WTZW
PM;11094875;50000099300;USZKODZONY CZUJNIK CISNIENIA TĘPERÓWKI;24.07.2020;1-Modelator OPM;KARPIDARI1;;PRZL WTZW
PT;11094604;50000099212;Regeneracja wałków przemysłowych OPM;23.07.2020;1-Modelator OPM;GROTEARKA1;;PRZL WTZW
PM;11093839;50000099007;USZKODZONY MODUŁ PROFIBAS FALOWNIKA TAŚM;22.07.2020;1-Modelator OPM;KARPIDARI1;;PRZL WTZW
PM;11092500;50000099101;USZKODZENIE STEROWANIA WENTYLATORÓW CHŁO;20.07.2020;1-Modelator OPM;KARPIDARI1;;PRZL WTZW
PM;11092023;50000098965;ZERWANE PASKI KLINOWE NA POMPIE KREMOWEJ;18.07.2020;1-Modelator OPM;STUDZLUKA1;;PRZL WTZW
PT;11082395;50000098570;Przegląd prewencyjny modelatora OPM;01.07.2020;1-Modelator OPM;GROTEARKA1;3-średni;PRZL WTZW
PM;11079364;50000098305;ZERWANE NITY PRZY PODEŚCIE OD TRANSPORTE;26.06.2020;1-Modelator OPM;GADEKJACE1;;PRZL WTZW
PM;11076662;50000098161;ZABLOKOWANA FORMA W MYJCE;22.06.2020;1-Modelator OPM;LASOTSLAW1;;PRZL WTZW
PM;11071867;50000097803;BRAK TEMPERATURY W NALEWARCE KREMOWEJ;14.06.2020;1-Modelator OPM;LASOTSLAW1;;PRZL WTZW
PM;11071644;50000097822;WYMIANA TERMOMANOMETRU;12.06.2020;1-Modelator OPM;TARKAKAMI1;;PRZL WTZW
PM;11071050;50000097800;CIEKNĄCY UKŁAD NALEWARKI;11.06.2020;1-Modelator OPM;LASOTSLAW1;;PRZL WTZW
PM;11070171;50000097622;ZACHWIANIE PRACY SIŁOWNIKA WINDY;10.06.2020;1-Modelator OPM;LASOTSLAW1;;PRZL WTZW
PM;11063877;50000097290;WYMIANA ZŁĄCZEK NA NALEWARCE;31.05.2020;1-Modelator OPM;TARKAKAMI1;;PRZL WTZW
PM;11063870;50000097288;USZKODZONY SIŁOWNIK PRZED WINDĄ;31.05.2020;1-Modelator OPM;LASOTSLAW1;;PRZL WTZW
PM;11063160;50000096934;USZKODZONY SIŁOWNIK PRZED WINDĄ;29.05.2020;1-Modelator OPM;LASOTSLAW1;;PRZL WTZW
PM;11063041;50000096978;WYNIANA SIŁOWNIKA PRZY WINDZIE;29.05.2020;1-Modelator OPM;TARKAKAMI1;;PRZL WTZW
PM;11060921;50000097033;USZKODZONY SIŁOWNIK ZATRZYMUJĄCY FORMY;25.05.2020;1-Modelator OPM;LASOTSLAW1;;PRZL WTZW
PM;11059307;50000097200;NISKA TEMPERATURA NALEWARKI CZEKOLADY;21.05.2020;1-Modelator OPM;LASOTSLAW1;;PRZL WTZW
PM;11059042;50000097160;ZABLOKOWANA POMPA POWROTU NA CZEKOLADZIE;19.05.2020;1-Modelator OPM;GADEKJACE1;;PRZL WTZW
PM;11058466;50000097001;URUCHOMIENIE PO PRZESTOJU;19.05.2020;1-Modelator OPM;KARPIDARI1;;PRZL WTZW
PM;11058210;50000096942;ŁAŃCUCH NIE W POZYCJI;18.05.2020;1-Modelator OPM;LASOTSLAW1;;PRZL WTZW
PM;11057837;50000096963;AWARIA SERVO MOTOR;19.05.2020;1-Modelator OPM;SKRETKACP1;;PRZL WTZW
PM;11019105;50000093988;AWARIA SILNIKA;28.02.2020;1-Modelator OPM;SKRETKACP1;;PRZL WTZW
PM;11010146;50000092996;WAŁEK ZGARNIAJĄCY;12.02.2020;1-Modelator OPM;GADEKJACE1;;PRZL WTZW
PM;11009596;50000093151;WYMIANA WYJSCIA ANALOGOWEGO;11.02.2020;1-Modelator OPM;KOWALSEBA2;;PRZL WTZW
PQ;11003773;50000093044;Modernizacja zmiany pozycji tac;03.02.2020;1-Modelator OPM;GROTEARKA1;3-średni;PRZL WTZW
PM;11002898;50000093086;ZABLOKOWANY SILOWNIK NA WIBRATORACH;31.01.2020;1-Modelator OPM;GADEKJACE1;;PRZL WTZW
PQ;10997515;50000092762;Modernizacja stołów i podestów BHP;23.01.2020;1-Modelator OPM;GROTEARKA1;3-średni;PRZL WTZW
PM;10995237;50000092681;URWANE OGNIWO ŁAŃCUCHA;20.01.2020;1-Modelator OPM;ZEBRORAFA1;;PRZL WTZW
PQ;10991913;50000092544;MODYFIKACJA DOSTEPU DO PANELA OPERATORSK;14.01.2020;1-Modelator OPM;CZYZEMARC1;;PRZL WTZW
PM;10989767;50000092094;USZKODZONY SIŁOWNIK TRZYMAJĄCY FORMY;10.01.2020;1-Modelator OPM;LASOTSLAW1;;PRZL WTZW
PM;10986408;50000092264;WYMIANA ZAWORU;04.01.2020;1-Modelator OPM;KOWALSEBA2;;PRZL ZWZK
PM;10981943;50000091630;USZKODZONY CZUJNIK;19.12.2019;1-Modelator OPM;GADEKJACE1;;PRZL ZWZK
PM;10979760;50000091720;USZKODZONY ZESPÓŁ WYŁĄCZNIKA;15.12.2019;1-Modelator OPM;KARPIDARI1;;PRZL WTZW
PM;10979628;50000091782;PRZEZBROJENIE I USTAWIENIE PRZEKŁADACZA;16.12.2019;1-Modelator OPM;KARPIDARI1;;PRZL ZWZK
PM;10978970;50000091097;PŁUKANIE NALEWARKI CZEK;13.12.2019;1-Modelator OPM;TARKAKAMI1;;PRZL ZWZK
PQ;10978361;50000091485;Wykonanie regału na matryce;12.12.2019;1-Modelator OPM;GROTEARKA1;3-średni;PRZL ZWZK
PM;10976160;50000090937;WYMIANA SZYBKO ZŁĄCZY NA NALEWARCE KREMO;08.12.2019;1-Modelator OPM;STUDZLUKA1;;PRZL ZWZK
PM;10975506;50000091054;CZESTE BLOKADY FORM;06.12.2019;1-Modelator OPM;GADEKJACE1;;PRZL ZWZK
PM;10974933;50000090833;PRZESTAWIONE ŁAŃCUCHY GŁÓWNE.;05.12.2019;1-Modelator OPM;STUDZLUKA1;;PRZL WTZW
PM;10974845;50000091169;KOLIZJA ŁAŃCUCHA;05.12.2019;1-Modelator OPM;LASOTSLAW1;;PRZL WTZW
PM;10960629;50000090222;URWANY ZABIERAK;12.11.2019;1-Modelator OPM;GADEKJACE1;;PRZL ZWZK
PM;10957443;50000089536;Wymiana uszkodzonych czujników;06.11.2019;1-Modelator OPM;GROTEARKA1;3-średni;PRZL WTZW
PM;10957441;50000089534;BLOKADA FORM TRZECIA CHŁODNIA.;06.11.2019;1-Modelator OPM;STUDZLUKA1;;PRZL WTZW
PM;10957024;50000089871;ZŁE POZYCJONOWANIE FORM ŁAŃCUCH 7;05.11.2019;1-Modelator OPM;KARPIDARI1;;PRZL ZWZK
PM;10956337;50000089869;WYMIANA REDUKTORA;04.11.2019;1-Modelator OPM;LASOTSLAW1;;PRZL ZWZK
PM;10956224;50000089830;BLOKOWANIE NAPĘDU W TUNELU;04.11.2019;1-Modelator OPM;GADEKJACE1;;PRZL ZWZK
PM;10955839;50000089842;NALEWARKA CZEKOLADOWA USZKODZONY ZAWÓR.;04.11.2019;1-Modelator OPM;STUDZLUKA1;;PRZL WTZW
PM;10954359;50000089709;BLOKADA FORM;31.10.2019;1-Modelator OPM;GADEKJACE1;;PRZL ZWZK
PQ;10950443;50000089492;Wymiana czujnika na tempermeterze;22.10.2019;1-Modelator OPM;GROTEARKA1;3-średni;PRZL ZWZK
PM;10945336;50000089304;PRACE REMONTOWE;12.10.2019;1-Modelator OPM;GADEKJACE1;;PRZL ZWZK
PQ;10939299;50000088751;Uszczelnienie rur;02.10.2019;1-Modelator OPM;GROTEARKA1;3-średni;PRZL ZWZK
PM;10937403;50000088635;USZKODZONY ZAWÓR BESPIECZEŃSTWA;29.09.2019;1-Modelator OPM;GADEKJACE1;;PRZL ZWZK
PM;10937145;50000088669;WYMIANA USZCZELNIEŃ NA NALEWARCE CZEKOLA;28.09.2019;1-Modelator OPM;STUDZLUKA1;;PRZL ZWZK
PM;10936297;50000088803;BLOKADA FORMY;26.09.2019;1-Modelator OPM;GADEKJACE1;;PRZL ZWZK
PM;10933429;50000088394;URWANE MOCOWANIE PROWADNICY;21.09.2019;1-Modelator OPM;GADEKJACE1;;PRZL ZWZK
PM;10933337;50000088496;WYCIEK Z NALEWARKI;21.09.2019;1-Modelator OPM;FIGARPRZE1;;PRZL ZWZK
PM;10932879;50000088213;WYMIANA USZCZELNIACZY I ŁOŻYSK;20.09.2019;1-Modelator OPM;TARKAKAMI1;;PRZL ZWZK
PM;10927102;50000087833;WINDA ODBIERAJĄCA;09.09.2019;1-Modelator OPM;GADEKJACE1;;PRZL ZWZK
PM;10927101;50000087832;USTAWIANIE POZYCJI NALEWARKI KREMOWAJ;09.09.2019;1-Modelator OPM;GADEKJACE1;;PRZL ZWZK
PM;10927002;50000087869;REGULACJA NOŻA;09.09.2019;1-Modelator OPM;GADEKJACE1;;PRZL ZWZK
PM;10926966;50000087866;REGULACJA ŁAŃCUCHA;09.09.2019;1-Modelator OPM;GADEKJACE1;;PRZL ZWZK
PT;10926945;50000088089;Regeneracja siłownika;09.09.2019;1-Modelator OPM;GROTEARKA1;3-średni;PRZL WTZW
PM;10926247;50000088006;CIEKNĄCY ZAWÓR NALEWARKI KREMOWEJ;08.09.2019;1-Modelator OPM;LASOTSLAW1;;PRZL ZWZK
PM;10923338;50000088102;ZACIETY ZAWÓR;03.09.2019;1-Modelator OPM;ZEBRORAFA1;;PRZL WTZW
PM;10923169;50000088083;WIBRATOR ORBITALNY REGENERACJA.;03.09.2019;1-Modelator OPM;STUDZLUKA1;;PRZL ZWZK
PM;10919876;50000087544;URWANY BOLEC NA ŁANCUCHU;29.08.2019;1-Modelator OPM;ZEBRORAFA1;;PRZL WTZW
PM;10915998;50000087242;USZKODZONY CZUJNIKÓW;21.08.2019;1-Modelator OPM;KARPIDARI1;;PRZL ZWZK
PM;10914469;50000087038;AWARIA NAPĘDU PRZEKŁADACZA;19.08.2019;1-Modelator OPM;ZEBRORAFA1;;PRZL ZWZK
PM;10914229;50000086812;ADAPTACJA SIŁOWNIKA PRZEKŁADACZA;18.08.2019;1-Modelator OPM;LASOTSLAW1;;PRZL WTZW
PT;10912313;50000086994;Wymiana siłownika;13.08.2019;1-Modelator OPM;GROTEARKA1;3-średni;PRZL WTZW
PM;10912295;50000086790;AWARIA PRZEKADACZA PRODUKTU;12.08.2019;1-Modelator OPM;JANCZMICH1;;PRZL ZWZK
PM;10912236;50000087163;NIE DZIAŁAJĄCY PRZEKŁADACZ;12.08.2019;1-Modelator OPM;LASOTSLAW1;;PRZL WTZW
PM;10912100;50000086849;URWANY SIŁOWNIK OD TRZYMANIA FONDELLO;12.08.2019;1-Modelator OPM;GADEKJACE1;;PRZL ZWZK
PM;10910676;50000086762;PRZEKŁADACZ FIGUREK;08.08.2019;1-Modelator OPM;GADEKJACE1;;PRZL ZWZK
PM;10902862;50000086088;BLOKADA LISTWY, NA TRANSPORTERZE ZABAWKI;25.07.2019;1-Modelator OPM;STUDZLUKA1;;PRZL ZWZK
PQ;10894346;50000085602;Modernizacja ciśnienia powietrza;05.07.2019;1-Modelator OPM;GROTEARKA1;3-średni;PRZL ZWZK
PM;10887720;50000085083;BLOKADA LISTWY TRANSPORTERA ZABAWKI;21.06.2019;1-Modelator OPM;GADEKJACE1;;PRZL ZWZK
PM;10882486;50000084703;BLOKADA SIŁOWNIKA OTWIERACZA FORM;11.06.2019;1-Modelator OPM;FIGARPRZE1;;PRZL ZWZK
PM;10882485;50000084702;BLOKADA SIŁOWNIKA OTWIERACZA FORM;11.06.2019;1-Modelator OPM;FIGARPRZE1;;PRZL WTZW
PM;10873321;50000084262;WYMIANA SIŁOWNIKA;22.05.2019;1-Modelator OPM;STUDZLUKA1;;PRZL ZWZK
PM;10871881;50000083859;WYMIANA USZCZELNIACZY;18.05.2019;1-Modelator OPM;ZEBRORAFA1;;PRZL WTZW
PT;10871870;50000084000;ZUŻYTE USZCZELNIACZE;18.05.2019;1-Modelator OPM;ZEBRORAFA1;;PRZL ZWZK
PT;10871633;50000083931;Regeneracja wałka FC OPM;18.05.2019;1-Modelator OPM;SKLODJAKU1;;PRZL ZWZK
PM;10868313;50000083708;USZKODZONY CZUJNIK POZIOMU KREMU.;13.05.2019;1-Modelator OPM;WLODAROMA1;;PRZL WTZW
PQ;10827913;50000080488;Wykonanie i montaż osłon;15.02.2019;1-Modelator OPM;GROTEARKA1;3-średni;PRZL WTZW
PM;10822786;50000080192;BLOKOWANIE FORM NA ROTATORZE;06.02.2019;1-Modelator OPM;ZEBRORAFA1;;PRZL WTZW
PM;10822323;50000080145;BLOKOWANIE FORM;05.02.2019;1-Modelator OPM;GADEKJACE1;;PRZL WTZW
PM;10822322;50000080144;BLOKOWANIE FORM;05.02.2019;1-Modelator OPM;GADEKJACE1;;PRZL WTZW
PM;10820932;50000079912;USZKODZONE ŁOŻYSKA POD WIBRATORAMI;02.02.2019;1-Modelator OPM;TARKAKAMI1;;PRZL WTZW
PM;10819612;50000079888;WYCIEKI KREMU;01.02.2019;1-Modelator OPM;GADEKJACE1;;PRZL WTZW
PM;10819611;50000079887;BLEBLE;01.02.2019;1-Modelator OPM;GADEKJACE1;;PRZL WTZW
PM;10819099;50000079792;NIERÓWNA PRACA MŁOTKÓW;31.01.2019;1-Modelator OPM;ZEBRORAFA1;;PRZL WTZW
PM;10817341;50000079575;USZKODZONY ELEKTROZAWÓR;28.01.2019;1-Modelator OPM;ZEBRORAFA1;;PRZL WTZW
PM;10816533;50000079710;WYCIEK WODY Z SZYBKOZŁĄCZKI;26.01.2019;1-Modelator OPM;ZEBRORAFA1;;PRZL WTZW
PM;10813772;50000079820;URWANY SIŁOWNIK;21.01.2019;1-Modelator OPM;TARKAKAMI1;;PRZL WTZW
PM;10810379;50000079056;WYMIANA WIBRATORA;15.01.2019;1-Modelator OPM;LASOTSLAW1;;PRZL WTZW
PM;10808544;50000078859;CIEKNĄCY ODPOWIETRZNIK;10.01.2019;1-Modelator OPM;MUCHAADAM1;;PRZL WTZW
PM;10805353;50000078552;PĘKNIĘTA OPASKA-ALGAJER;05.01.2019;1-Modelator OPM;GADEKJACE1;;PRZL WTZW
PT;10777573;50000076839;Wymiana przewodów na modelatorze;07.11.2018;1-Modelator OPM;GROTEARKA1;3-średni;PRZL WTZW
PT;10709864;50000071857;Regeneracja i spawanie wałka;07.06.2018;1-Modelator OPM;SKLODJAKU1;;PRZL WTZW
PT;10692752;50000070316;Regeneracja wałka;20.04.2018;1-Modelator OPM;SKLODJAKU1;;PRZL WTZW
PT;10668843;50000068877;Przegląd serwisowy termostatów GWK;15.02.2018;1-Modelator OPM;SKLODJAKU1;3-średni;PRZL ZWZK
PT;10499328;50000059042;Serwis  pomp próżniowych FC;29.12.2016;1-Modelator OPM;JANIEWOJC1;2-wysoki;PRZL ZWZK
PM;10439781;50000050960;USTAWIANIE WALKA ZGARNIAJĄCEGO;25.07.2016;1-Modelator OPM;GADEKJACE1;;PRZL ZWZK
PM;10431464;50000049063;ZABLOKOWANEFORMY W TRZECIEJ CHŁODNI;24.06.2016;1-Modelator OPM;GADEKJACE1;;PRZL ZWZK
PM;10427768;50000048506;ZABLOKOWANE FORMY ZA NALEWARKĄ KREMOWĄ;15.06.2016;1-Modelator OPM;GADEKJACE1;;PRZL ZWZK
PM;10426417;50000048642;GROMADZENIE CZEKOLADY;10.06.2016;1-Modelator OPM;GADEKJACE1;;PRZL ZWZK
PM;10421867;50000048103;WYMIANA TAPARELLI (ZABAWKA);01.06.2016;1-Modelator OPM;GADEKJACE1;;PRZL ZWZK
PM;10417486;50000047642;MALA DOZA CZEKOLADY;20.05.2016;1-Modelator OPM;GADEKJACE1;;PRZL ZWZK
PM;10362340;50000041342;AWARIA ELOKTRO-ZAWORU;02.02.2016;1-Modelator OPM;GADEKJACE1;;PRZL ZWZK
PM;10360221;50000041280;ZCINANIE SIĘ ZAWORU;28.01.2016;1-Modelator OPM;GADEKJACE1;;PRZL ZWZK
PM;10357502;50000040503;ZŁE DOZOWANIE CZEKOLADY;22.01.2016;1-Modelator OPM;GADEKJACE1;;PRZL ZWZK
PM;10357501;50000040502;ZŁE DOZOWANIE CZEKOLADY;22.01.2016;1-Modelator OPM;GADEKJACE1;;PRZL ZWZK
PM;10354787;50000040304;PĘKNIĘTY PRZEWÓD PRÓŻNIOWY;15.01.2016;1-Modelator OPM;GADEKJACE1;;PRZL ZWZK
PM;10341084;50000037663;WYMIANA ŁOŻYSK;05.12.2015;1-Modelator OPM;GADEKJACE1;;PRZL ZWZK
PM;10338125;50000037482;WYMIANA LOŻYSK;27.11.2015;1-Modelator OPM;GADEKJACE1;;PRZL ZWZK
PM;10335820;50000037060;ZABLOKOWANE FORMY;22.11.2015;1-Modelator OPM;GADEKJACE1;;PRZL ZWZK
PM;10332961;50000036282;ZABLOKOWANA POMPA OD BIAŁEGO KREMU;14.11.2015;1-Modelator OPM;GADEKJACE1;;PRZL ZWZK
PM;10314438;50000034422;BLOKADA FORM;08.10.2015;1-Modelator OPM;GADEKJACE1;;PRZL ZWZK
PM;10312852;50000034001;BLOKADA FORM WTRZECIEJ CHŁODNI;03.10.2015;1-Modelator OPM;GADEKJACE1;;PRZL ZWZK
PM;10289631;50000030961;POGIĘTE ZABIERAKI;10.08.2015;1-Modelator OPM;GADEKJACE1;;PRZL ZWZK
PM;10284235;50000029923;PĘKNIENTY PRZEWÓD PRÓŻNIOWY;24.07.2015;1-Modelator OPM;GADEKJACE1;;PRZL ZWZK
PM;10275577;50000027961;BLOKOWANIE FORM;23.06.2015;1-Modelator OPM;GADEKJACE1;;PRZL ZWZK
PM;10275576;50000027960;BLOKOWANIE FORM;23.06.2015;1-Modelator OPM;GADEKJACE1;;PRZL ZWZK
PM;10275289;50000027802;BLOKADA FORMY;23.06.2015;1-Modelator OPM;GADEKJACE1;;PRZL ZWZK
PM;10273837;50000027600;REGULACJA NOŻA ZGARNIAJĄCEGO;17.06.2015;1-Modelator OPM;GADEKJACE1;;PRZL ZWZK
PM;10272708;50000027440;Task list UGP2 KS FC RO;15.06.2015;1-Modelator OPM;DIDUCPAWE1;3-średni;PRZL ZWZK
PM;10272381;50000027204;BLOKADA FORMY;12.06.2015;1-Modelator OPM;GADEKJACE1;;PRZL ZWZK
PM;10271996;50000027023;BLOKADA FORMY;12.06.2015;1-Modelator OPM;GADEKJACE1;;PRZL ZWZK
PM;10264475;50000026023;Task list UGP2 KS FC RO;19.05.2015;1-Modelator OPM;DIDUCPAWE1;3-średni;PRZL ZWZK
PM;10239040;50000020820;ZATARTY ZAWÓR NALEWARKI BIAŁEJ;15.02.2015;1-Modelator OPM;GADEKJACE1;;PRZL ZWZK
PM;10237818;50000020541;ZATARTY PRAWY ZAWÓR NALEWARKI;14.02.2015;1-Modelator OPM;GADEKJACE1;;PRZL ZWZK
PM;10232045;50000019968;PĘKNIĘTY PRZEWÓD PRÓŻNIOWY;06.02.2015;1-Modelator OPM;GADEKJACE1;;PRZL ZWZK
PM;10229598;50000019388;ZATARTY ZAWÓR NALEWARKI BIAŁEJ;31.01.2015;1-Modelator OPM;GADEKJACE1;;PRZL ZWZK
PM;10227667;50000019440;PĘKNIĘTY PRZEWÓD PRÓŻNIOWY;26.01.2015;1-Modelator OPM;GADEKJACE1;;PRZL ZWZK
PM;10226234;50000019027;PĘKNIĘTY PRZEWÓD PRÓŻNIOWY;20.01.2015;1-Modelator OPM;GADEKJACE1;;PRZL ZWZK
PM;10222022;50000018086;WYJECHANIE LISTWY Z ZAWORAMI ZA ZAKRES;09.01.2015;1-Modelator OPM;GADEKJACE1;;PRZL ZWZK
PM;10218811;50000017081;PĘKNIĘTY PRZEWÓD PRÓŻNIOWY;21.12.2014;1-Modelator OPM;GADEKJACE1;;PRZL ZWZK
PM;10217554;50000016587;PĘKNIĘTY PRZEWÓD PRÓŻNIOWY;17.12.2014;1-Modelator OPM;GADEKJACE1;;PRZL ZWZK
PM;10217028;50000016662;PĘKNIĘTY PRZEWÓD PRÓŻNIOWY;16.12.2014;1-Modelator OPM;GADEKJACE1;;PRZL ZWZK
PM;10216888;50000016840;PĘKNIĘTY PRZEWÓD PRÓŻNIOWY;16.12.2014;1-Modelator OPM;GADEKJACE1;;PRZL ZWZK
PM;10214953;50000016222;ZABLOKOWANA FORMA;08.12.2014;1-Modelator OPM;GADEKJACE1;;PRZL ZWZK
PM;10214952;50000016221;ZABLOKOWANA FORMA;08.12.2014;1-Modelator OPM;GADEKJACE1;;PRZL ZWZK
PM;10211578;50000015428;PĘKNIĘTY PRZEWÓD FESTO;28.11.2014;1-Modelator OPM;GADEKJACE1;;PRZL ZWZK
PM;10210589;50000015284;PROSTOWANIE ZABIERAKA;26.11.2014;1-Modelator OPM;GADEKJACE1;;PRZL ZWZK
PM;10210588;50000015283;ZABLOKOWANA FORMA;26.11.2014;1-Modelator OPM;GADEKJACE1;;PRZL ZWZK
PM;10209267;50000014670;AWARIA ELEKTROZAWORU PODNOŚNIKA;20.11.2014;1-Modelator OPM;TOKARKARO1;;PRZL ZWZK
PM;10208260;50000015003;BLOKOWANIE NOWEGO FONDELLO NATRANSPORTER;18.11.2014;1-Modelator OPM;GADEKJACE1;;PRZL ZWZK
PM;10200120;50000013265;REULOWANIE TRANSPORTERA FONNDELLO;22.10.2014;1-Modelator OPM;GADEKJACE1;;PRZL ZWZK
PM;10199517;50000013044;PRZYTARTY LEWY ZAWÓR NALEWARKI KR.;21.10.2014;1-Modelator OPM;GADEKJACE1;;PRZL ZWZK
PM;10196696;50000012084;ZABLOKOWANY NALEWARKA;10.10.2014;1-Modelator OPM;GADEKJACE1;;PRZL ZWZK
PM;10184375;50000010840;BRAK POTWIERDZENIA Z CZUJNIKA ZAGINANIA;03.09.2014;1-Modelator OPM;KARPIDARI1;;PRZL ZWZK
